name,salary,Diff
Alice,60000.00,0.000000
Bob,75000.00,-8333.333333
Charlie,80000.00,2500.000000
David,62000.00,0.000000
Eve,90000.00,-8333.333333
Frank,75000.00,2500.000000
Grace,85000.00,-8333.333333
Hannah,58000.00,0.000000
